<?xml version="1.0" encoding="UTF-8"?>
<beans:beans
	xmlns="http://www.springframework.org/schema/mvc"
	xmlns:xsi="http://www.w3.org/2001/XMLSchema-instance"
	xmlns:beans="http://www.springframework.org/schema/beans"
     xmlns:context="http://www.springframework.org/schema/context"
	xmlns:aop="http://www.springframework.org/schema/aop"
	xmlns:jee="http://www.springframework.org/schema/jee"
	xmlns:lang="http://www.springframework.org/schema/lang"
	xmlns:p="http://www.springframework.org/schema/p"
	xmlns:mvc="http://www.springframework.org/schema/mvc"
	xmlns:tx="http://www.springframework.org/schema/tx"
	xmlns:util="http://www.springframework.org/schema/util"
	xsi:schemaLocation="http://www.springframework.org/schema/lang http://www.springframework.org/schema/lang/spring-lang-3.1.xsd
                                http://www.springframework.org/schema/jee http://www.springframework.org/schema/jee/spring-jee-3.1.xsd
                                http://www.springframework.org/schema/aop http://www.springframework.org/schema/aop/spring-aop-3.1.xsd
                                http://www.springframework.org/schema/mvc http://www.springframework.org/schema/mvc/spring-mvc.xsd
                                http://www.springframework.org/schema/beans http://www.springframework.org/schema/beans/spring-beans.xsd
                                http://www.springframework.org/schema/util http://www.springframework.org/schema/util/spring-util-3.1.xsd
                                http://www.springframework.org/schema/tx http://www.springframework.org/schema/tx/spring-tx-3.1.xsd       
                                http://www.springframework.org/schema/context http://www.springframework.org/schema/context/spring-context.xsd">

	<mvc:annotation-driven />
	<context:component-scan base-package="com.prohance" />
	<beans:bean id="jspViewResolver"
		class="org.springframework.web.servlet.view.InternalResourceViewResolver">
		<beans:property name="viewClass"
			value="org.springframework.web.servlet.view.JstlView" />
		<beans:property name="prefix" value="/WEB-INF/" />
		<beans:property name="suffix" value=".html" />
	</beans:bean>
	<mvc:resources mapping="/resources/**" location="/resources/"  
	cache-period="31556926"/>
    <mvc:annotation-driven />	
</beans:beans>

